Episode,Reward,Success,Label
1,9.1,1,A-base
2,-11.700000000000001,0,A-base
3,-10.5,0,A-base
4,5.4,1,A-base
5,8.7,1,A-base
6,-10.6,0,A-base
7,-10.9,0,A-base
8,-5.999999999999991,0,A-base
9,-10.4,0,A-base
10,-11.0,0,A-base
11,8.7,1,A-base
12,-10.9,0,A-base
13,-11.3,0,A-base
14,-10.1,0,A-base
15,-10.0,0,A-base
16,5.600000000000001,1,A-base
17,-19.29999999999999,0,A-base
18,-11.1,0,A-base
19,8.7,1,A-base
20,6.499999999999998,1,A-base
21,-11.2,0,A-base
22,-10.1,0,A-base
23,-10.0,0,A-base
24,-10.0,0,A-base
25,-10.7,0,A-base
26,-10.0,0,A-base
27,-11.9,0,A-base
28,-10.0,0,A-base
29,-14.499999999999998,0,A-base
30,5.699999999999999,1,A-base
31,7.0,1,A-base
32,-2.0999999999999943,0,A-base
33,-10.6,0,A-base
34,-14.799999999999999,0,A-base
35,-10.0,0,A-base
36,-11.5,0,A-base
37,-10.0,0,A-base
38,-10.0,0,A-base
39,-10.1,0,A-base
40,-10.2,0,A-base
41,-10.0,0,A-base
42,-10.1,0,A-base
43,-10.0,0,A-base
44,8.7,1,A-base
45,9.3,1,A-base
46,-10.2,0,A-base
47,-0.4999999999999929,0,A-base
48,-12.600000000000001,0,A-base
49,-10.4,0,A-base
50,-11.500000000000021,0,A-base
51,-28.300000000000004,0,A-base
52,-10.3,0,A-base
53,-10.1,0,A-base
54,8.299999999999999,1,A-base
55,-11.5,0,A-base
56,-13.0,0,A-base
57,8.6,1,A-base
58,-14.599999999999998,0,A-base
59,-10.0,0,A-base
60,-17.299999999999997,0,A-base
61,-13.600000000000001,0,A-base
62,4.5,1,A-base
63,5.999999999999998,1,A-base
64,-11.5,0,A-base
65,-11.8,0,A-base
66,7.699999999999999,1,A-base
67,-20.099999999999984,0,A-base
68,-10.1,0,A-base
69,-10.2,0,A-base
70,4.000000000000007,1,A-base
71,-10.8,0,A-base
72,-10.0,0,A-base
73,-10.0,0,A-base
74,-12.5,0,A-base
75,-10.7,0,A-base
76,-10.7,0,A-base
77,-10.0,0,A-base
78,-1.7999999999999883,0,A-base
79,-10.2,0,A-base
80,-11.6,0,A-base
81,-13.100000000000001,0,A-base
82,-10.0,0,A-base
83,-11.0,0,A-base
84,8.1,1,A-base
85,-10.4,0,A-base
86,-10.3,0,A-base
87,4.0,1,A-base
88,-11.5,0,A-base
89,-10.3,0,A-base
90,-11.6,0,A-base
91,-35.90000000000006,0,A-base
92,-5.999999999999972,0,A-base
93,-15.099999999999998,0,A-base
94,8.9,1,A-base
95,8.8,1,A-base
96,-28.400000000000013,0,A-base
97,-13.900000000000002,0,A-base
98,-10.0,0,A-base
99,-10.1,0,A-base
100,-14.399999999999999,0,A-base
101,-10.1,0,A-base
102,-11.3,0,A-base
103,3.600000000000003,1,A-base
104,-10.2,0,A-base
105,3.800000000000007,1,A-base
106,9.7,1,A-base
107,8.5,1,A-base
108,-14.000000000000002,0,A-base
109,7.199999999999999,1,A-base
110,4.300000000000004,1,A-base
111,9.6,1,A-base
112,6.299999999999999,1,A-base
113,8.8,1,A-base
114,4.100000000000002,1,A-base
115,3.700000000000003,1,A-base
116,-10.8,0,A-base
117,-11.1,0,A-base
118,-10.8,0,A-base
119,-10.1,0,A-base
120,-14.4,0,A-base
121,-10.0,0,A-base
122,-10.1,0,A-base
123,-10.0,0,A-base
124,-10.0,0,A-base
125,-11.2,0,A-base
126,-10.0,0,A-base
127,3.900000000000004,1,A-base
128,9.1,1,A-base
129,-11.5,0,A-base
130,-10.0,0,A-base
131,9.1,1,A-base
132,7.799999999999999,1,A-base
133,9.2,1,A-base
134,7.8999999999999995,1,A-base
135,9.5,1,A-base
136,4.900000000000002,1,A-base
137,-10.6,0,A-base
138,-10.0,0,A-base
139,-10.3,0,A-base
140,-10.1,0,A-base
141,1.8000000000000096,1,A-base
142,-10.4,0,A-base
143,-10.5,0,A-base
144,-10.3,0,A-base
145,-10.9,0,A-base
146,-10.0,0,A-base
147,-10.1,0,A-base
148,-10.2,0,A-base
149,9.1,1,A-base
150,-11.8,0,A-base
151,-10.6,0,A-base
152,-10.6,0,A-base
153,-10.2,0,A-base
154,-11.0,0,A-base
155,-10.0,0,A-base
156,-10.0,0,A-base
157,4.300000000000005,1,A-base
158,-10.0,0,A-base
159,-10.4,0,A-base
160,-10.9,0,A-base
161,3.8000000000000034,1,A-base
162,-17.999999999999986,0,A-base
163,-10.9,0,A-base
164,-0.6999999999999833,0,A-base
165,-10.4,0,A-base
166,-10.0,0,A-base
167,-10.2,0,A-base
168,-10.0,0,A-base
169,4.200000000000002,1,A-base
170,9.4,1,A-base
171,-3.199999999999976,0,A-base
172,6.199999999999999,1,A-base
173,-13.600000000000001,0,A-base
174,-10.3,0,A-base
175,-10.1,0,A-base
176,-10.0,0,A-base
177,-11.1,0,A-base
178,3.600000000000003,1,A-base
179,8.7,1,A-base
180,9.5,1,A-base
181,-7.899999999999984,0,A-base
182,-10.2,0,A-base
183,-10.0,0,A-base
184,-10.0,0,A-base
185,-10.1,0,A-base
186,-10.2,0,A-base
187,-10.3,0,A-base
188,-10.1,0,A-base
189,-10.6,0,A-base
190,-10.9,0,A-base
191,-10.0,0,A-base
192,-10.9,0,A-base
193,-10.0,0,A-base
194,4.8000000000000025,1,A-base
195,-13.8,0,A-base
196,-11.1,0,A-base
197,9.4,1,A-base
198,2.0000000000000124,1,A-base
199,-11.2,0,A-base
200,-10.0,0,A-base
201,-10.1,0,A-base
202,-10.7,0,A-base
203,-15.899999999999995,0,A-base
204,-10.0,0,A-base
205,-10.0,0,A-base
206,-10.8,0,A-base
207,-10.0,0,A-base
208,-16.499999999999996,0,A-base
209,-10.1,0,A-base
210,-10.1,0,A-base
211,-10.1,0,A-base
212,-13.100000000000001,0,A-base
213,-13.000000000000002,0,A-base
214,-10.0,0,A-base
215,1.5000000000000053,1,A-base
216,-3.8999999999999755,0,A-base
217,-22.19999999999998,0,A-base
218,-11.4,0,A-base
219,8.7,1,A-base
220,9.6,1,A-base
221,-11.700000000000001,0,A-base
222,-10.0,0,A-base
223,-10.4,0,A-base
224,-10.3,0,A-base
225,-10.5,0,A-base
226,-12.600000000000001,0,A-base
227,-10.2,0,A-base
228,5.7,1,A-base
229,-14.7,0,A-base
230,-10.5,0,A-base
231,-13.100000000000001,0,A-base
232,-10.0,0,A-base
233,-10.0,0,A-base
234,-11.6,0,A-base
235,-10.1,0,A-base
236,-11.4,0,A-base
237,-12.700000000000045,0,A-base
238,8.2,1,A-base
239,-26.299999999999976,0,A-base
240,-10.0,0,A-base
241,-13.3,0,A-base
242,-10.0,0,A-base
243,-10.1,0,A-base
244,-10.3,0,A-base
245,-15.499999999999996,0,A-base
246,-10.0,0,A-base
247,7.399999999999999,1,A-base
248,-10.8,0,A-base
249,-10.1,0,A-base
250,-10.0,0,A-base
251,-10.4,0,A-base
252,8.0,1,A-base
253,-10.2,0,A-base
254,-11.3,0,A-base
255,-10.1,0,A-base
256,-10.7,0,A-base
257,-10.1,0,A-base
258,-17.199999999999992,0,A-base
259,-15.799999999999995,0,A-base
260,-10.5,0,A-base
261,3.3000000000000087,1,A-base
262,-11.0,0,A-base
263,-10.0,0,A-base
264,2.2000000000000055,1,A-base
265,9.2,1,A-base
266,-11.0,0,A-base
267,5.500000000000001,1,A-base
268,-10.4,0,A-base
269,9.4,1,A-base
270,-0.19999999999999574,0,A-base
271,-0.7999999999999865,0,A-base
272,8.299999999999999,1,A-base
273,8.1,1,A-base
274,9.0,1,A-base
275,-19.099999999999994,0,A-base
276,-10.1,0,A-base
277,-12.0,0,A-base
278,-15.999999999999996,0,A-base
279,-10.1,0,A-base
280,-10.1,0,A-base
281,-10.1,0,A-base
282,6.799999999999999,1,A-base
283,8.0,1,A-base
284,-11.0,0,A-base
285,-10.0,0,A-base
286,-10.0,0,A-base
287,-10.0,0,A-base
288,-10.4,0,A-base
289,-10.3,0,A-base
290,-10.3,0,A-base
291,-11.2,0,A-base
292,-10.1,0,A-base
293,-10.0,0,A-base
294,-10.0,0,A-base
295,-10.0,0,A-base
296,-10.0,0,A-base
297,-5.199999999999971,0,A-base
298,8.5,1,A-base
299,8.6,1,A-base
300,8.6,1,A-base
301,-20.899999999999988,0,A-base
302,-10.4,0,A-base
303,-10.8,0,A-base
304,3.9000000000000075,1,A-base
305,-11.0,0,A-base
306,-10.0,0,A-base
307,-10.0,0,A-base
308,-12.0,0,A-base
309,-10.1,0,A-base
310,7.1,1,A-base
311,9.7,1,A-base
312,9.5,1,A-base
313,-10.2,0,A-base
314,-13.500000000000002,0,A-base
315,-10.0,0,A-base
316,-10.6,0,A-base
317,6.499999999999998,1,A-base
318,-14.4,0,A-base
319,-11.4,0,A-base
320,-16.89999999999999,0,A-base
321,-10.3,0,A-base
322,-10.0,0,A-base
323,-10.0,0,A-base
324,3.0000000000000036,1,A-base
325,-11.0,0,A-base
326,-14.100000000000001,0,A-base
327,-10.0,0,A-base
328,-10.5,0,A-base
329,-10.3,0,A-base
330,-10.0,0,A-base
331,-10.1,0,A-base
332,0.5000000000000195,1,A-base
333,-11.700000000000001,0,A-base
334,-13.000000000000002,0,A-base
335,-10.5,0,A-base
336,-33.40000000000002,0,A-base
337,-10.4,0,A-base
338,-13.400000000000002,0,A-base
339,-10.1,0,A-base
340,-10.1,0,A-base
341,-10.0,0,A-base
342,-10.3,0,A-base
343,-10.1,0,A-base
344,-10.1,0,A-base
345,-10.0,0,A-base
346,-10.1,0,A-base
347,-11.000000000000007,0,A-base
348,-10.5,0,A-base
349,-10.6,0,A-base
350,8.9,1,A-base
351,7.8999999999999995,1,A-base
352,7.1,1,A-base
353,-12.4,0,A-base
354,-10.1,0,A-base
355,-12.0,0,A-base
356,5.6000000000000005,1,A-base
357,-10.7,0,A-base
358,-11.8,0,A-base
359,-10.8,0,A-base
360,-10.1,0,A-base
361,0.10000000000001741,1,A-base
362,-28.30000000000002,0,A-base
363,0.10000000000000853,1,A-base
364,-12.0,0,A-base
365,-10.7,0,A-base
366,-10.3,0,A-base
367,-10.7,0,A-base
368,-10.0,0,A-base
369,-18.399999999999984,0,A-base
370,-10.6,0,A-base
371,-11.5,0,A-base
372,-10.1,0,A-base
373,-10.5,0,A-base
374,-10.0,0,A-base
375,-10.2,0,A-base
376,-10.1,0,A-base
377,-11.1,0,A-base
378,-10.1,0,A-base
379,-5.999999999999984,0,A-base
380,-11.0,0,A-base
381,-11.1,0,A-base
382,-10.0,0,A-base
383,-11.1,0,A-base
384,-10.0,0,A-base
385,-11.0,0,A-base
386,5.699999999999999,1,A-base
387,-10.6,0,A-base
388,-10.1,0,A-base
389,5.000000000000003,1,A-base
390,-12.200000000000001,0,A-base
391,-10.3,0,A-base
392,-10.1,0,A-base
393,-10.1,0,A-base
394,-11.5,0,A-base
395,-10.1,0,A-base
396,9.1,1,A-base
397,-12.900000000000002,0,A-base
398,3.800000000000007,1,A-base
399,-10.8,0,A-base
400,8.299999999999999,1,A-base
401,-11.9,0,A-base
402,-10.1,0,A-base
403,-10.1,0,A-base
404,-3.8999999999999844,0,A-base
405,-10.8,0,A-base
406,-12.900000000000002,0,A-base
407,-10.0,0,A-base
408,-10.1,0,A-base
409,-10.0,0,A-base
410,-10.5,0,A-base
411,-10.0,0,A-base
412,-10.0,0,A-base
413,-10.3,0,A-base
414,-10.0,0,A-base
415,-10.9,0,A-base
416,-10.0,0,A-base
417,8.7,1,A-base
418,-16.89999999999999,0,A-base
419,9.1,1,A-base
420,6.099999999999999,1,A-base
421,-23.69999999999998,0,A-base
422,-10.1,0,A-base
423,-10.1,0,A-base
424,-10.0,0,A-base
425,-10.1,0,A-base
426,-10.0,0,A-base
427,-10.1,0,A-base
428,-10.0,0,A-base
429,-10.5,0,A-base
430,-10.0,0,A-base
431,-10.0,0,A-base
432,2.8000000000000034,1,A-base
433,-12.300000000000054,0,A-base
434,-10.2,0,A-base
435,-10.2,0,A-base
436,-10.9,0,A-base
437,-12.600000000000001,0,A-base
438,-10.4,0,A-base
439,-10.3,0,A-base
440,-10.9,0,A-base
441,-10.3,0,A-base
442,-10.1,0,A-base
443,-10.0,0,A-base
444,-1.5999999999999819,0,A-base
445,1.2000000000000082,1,A-base
446,-14.100000000000001,0,A-base
447,7.199999999999999,1,A-base
448,-19.19999999999999,0,A-base
449,-11.0,0,A-base
450,-14.7,0,A-base
451,-11.3,0,A-base
452,-10.9,0,A-base
453,-10.5,0,A-base
454,-10.9,0,A-base
455,-10.0,0,A-base
456,1.3000000000000096,1,A-base
457,8.7,1,A-base
458,9.5,1,A-base
459,-27.899999999999995,0,A-base
460,-10.4,0,A-base
461,6.699999999999998,1,A-base
462,4.100000000000005,1,A-base
463,9.0,1,A-base
464,-15.099999999999998,0,A-base
465,-12.100000000000001,0,A-base
466,-10.1,0,A-base
467,-10.0,0,A-base
468,-10.1,0,A-base
469,-10.0,0,A-base
470,-10.3,0,A-base
471,2.3000000000000087,1,A-base
472,9.5,1,A-base
473,-11.6,0,A-base
474,-19.299999999999997,0,A-base
475,-10.0,0,A-base
476,-13.700000000000001,0,A-base
477,-10.0,0,A-base
478,8.4,1,A-base
479,4.300000000000004,1,A-base
480,-13.800000000000002,0,A-base
481,-10.0,0,A-base
482,-10.4,0,A-base
483,-10.1,0,A-base
484,-24.799999999999983,0,A-base
485,-10.2,0,A-base
486,-10.1,0,A-base
487,-22.599999999999987,0,A-base
488,0.7000000000000064,1,A-base
489,2.7000000000000064,1,A-base
490,9.0,1,A-base
491,-4.799999999999981,0,A-base
492,1.8000000000000025,1,A-base
493,-17.299999999999997,0,A-base
494,-10.1,0,A-base
495,-10.0,0,A-base
496,5.899999999999999,1,A-base
497,6.299999999999998,1,A-base
498,8.6,1,A-base
499,3.1000000000000023,1,A-base
500,-1.3999999999999897,0,A-base
1,-14.2,0,B-miniB
2,-10.4,0,B-miniB
3,-10.0,0,B-miniB
4,-10.7,0,B-miniB
5,-10.0,0,B-miniB
6,-12.5,0,B-miniB
7,-11.0,0,B-miniB
8,-10.0,0,B-miniB
9,-10.0,0,B-miniB
10,-10.4,0,B-miniB
11,-40.70000000000016,0,B-miniB
12,-10.5,0,B-miniB
13,-10.1,0,B-miniB
14,-10.0,0,B-miniB
15,8.4,1,B-miniB
16,-10.5,0,B-miniB
17,-10.3,0,B-miniB
18,-13.100000000000001,0,B-miniB
19,-14.799999999999997,0,B-miniB
20,-10.1,0,B-miniB
21,-10.1,0,B-miniB
22,9.7,1,B-miniB
23,10.0,1,B-miniB
24,9.9,1,B-miniB
25,9.7,1,B-miniB
26,-10.6,0,B-miniB
27,-12.8,0,B-miniB
28,-10.0,0,B-miniB
29,-12.3,0,B-miniB
30,-12.2,0,B-miniB
31,-10.0,0,B-miniB
32,-11.4,0,B-miniB
33,9.8,1,B-miniB
34,10.0,1,B-miniB
35,9.3,1,B-miniB
36,-10.6,0,B-miniB
37,-10.0,0,B-miniB
38,-10.0,0,B-miniB
39,-10.7,0,B-miniB
40,-14.5,0,B-miniB
41,-16.799999999999994,0,B-miniB
42,9.7,1,B-miniB
43,-10.3,0,B-miniB
44,-10.1,0,B-miniB
45,-12.2,0,B-miniB
46,-10.0,0,B-miniB
47,-13.000000000000002,0,B-miniB
48,1.8000000000000096,1,B-miniB
49,10.0,1,B-miniB
50,-31.20000000000003,0,B-miniB
51,-10.3,0,B-miniB
52,-16.899999999999995,0,B-miniB
53,-10.1,0,B-miniB
54,-10.1,0,B-miniB
55,-15.899999999999995,0,B-miniB
56,-16.29999999999999,0,B-miniB
57,8.4,1,B-miniB
58,9.9,1,B-miniB
59,10.0,1,B-miniB
60,-10.5,0,B-miniB
61,-10.0,0,B-miniB
62,-10.1,0,B-miniB
63,-10.0,0,B-miniB
64,-11.4,0,B-miniB
65,-10.1,0,B-miniB
66,9.5,1,B-miniB
67,9.9,1,B-miniB
68,9.9,1,B-miniB
69,-13.5,0,B-miniB
70,9.8,1,B-miniB
71,10.0,1,B-miniB
72,-17.199999999999992,0,B-miniB
73,9.6,1,B-miniB
74,-10.7,0,B-miniB
75,-28.90000000000002,0,B-miniB
76,-10.0,0,B-miniB
77,-10.0,0,B-miniB
78,-10.1,0,B-miniB
79,9.8,1,B-miniB
80,10.0,1,B-miniB
81,10.0,1,B-miniB
82,9.8,1,B-miniB
83,-11.6,0,B-miniB
84,-13.100000000000001,0,B-miniB
85,1.900000000000011,1,B-miniB
86,10.0,1,B-miniB
87,9.5,1,B-miniB
88,9.9,1,B-miniB
89,9.9,1,B-miniB
90,9.9,1,B-miniB
91,10.0,1,B-miniB
92,10.0,1,B-miniB
93,9.5,1,B-miniB
94,9.5,1,B-miniB
95,9.7,1,B-miniB
96,10.0,1,B-miniB
97,9.7,1,B-miniB
98,-10.7,0,B-miniB
99,-10.0,0,B-miniB
100,8.299999999999999,1,B-miniB
101,-10.2,0,B-miniB
102,-10.0,0,B-miniB
103,-10.8,0,B-miniB
104,-10.1,0,B-miniB
105,9.6,1,B-miniB
106,9.6,1,B-miniB
107,-10.3,0,B-miniB
108,-10.2,0,B-miniB
109,-10.0,0,B-miniB
110,-10.0,0,B-miniB
111,-10.7,0,B-miniB
112,9.4,1,B-miniB
113,-10.6,0,B-miniB
114,-10.3,0,B-miniB
115,-10.1,0,B-miniB
116,-10.0,0,B-miniB
117,-12.3,0,B-miniB
118,-10.1,0,B-miniB
119,9.5,1,B-miniB
120,10.0,1,B-miniB
121,-17.299999999999994,0,B-miniB
122,-10.1,0,B-miniB
123,-10.1,0,B-miniB
124,-11.8,0,B-miniB
125,-13.100000000000001,0,B-miniB
126,9.3,1,B-miniB
127,10.0,1,B-miniB
128,6.599999999999998,1,B-miniB
129,9.3,1,B-miniB
130,-11.8,0,B-miniB
131,-10.2,0,B-miniB
132,-15.099999999999998,0,B-miniB
133,-14.399999999999999,0,B-miniB
134,9.6,1,B-miniB
135,9.9,1,B-miniB
136,10.0,1,B-miniB
137,-15.899999999999999,0,B-miniB
138,9.8,1,B-miniB
139,-10.3,0,B-miniB
140,-10.0,0,B-miniB
141,-10.0,0,B-miniB
142,-11.4,0,B-miniB
143,3.800000000000007,1,B-miniB
144,-11.100000000000005,0,B-miniB
145,8.7,1,B-miniB
146,10.0,1,B-miniB
147,-15.899999999999995,0,B-miniB
148,-10.1,0,B-miniB
149,-10.0,0,B-miniB
150,9.6,1,B-miniB
151,9.4,1,B-miniB
152,9.7,1,B-miniB
153,-10.6,0,B-miniB
154,-10.3,0,B-miniB
155,9.2,1,B-miniB
156,-16.799999999999997,0,B-miniB
157,-10.1,0,B-miniB
158,9.7,1,B-miniB
159,-10.6,0,B-miniB
160,-10.3,0,B-miniB
161,-10.1,0,B-miniB
162,-10.3,0,B-miniB
163,-11.5,0,B-miniB
164,-23.599999999999987,0,B-miniB
165,6.699999999999999,1,B-miniB
166,10.0,1,B-miniB
167,-10.2,0,B-miniB
168,-10.0,0,B-miniB
169,9.2,1,B-miniB
170,10.0,1,B-miniB
171,9.7,1,B-miniB
172,10.0,1,B-miniB
173,-12.200000000000001,0,B-miniB
174,-12.5,0,B-miniB
175,6.399999999999999,1,B-miniB
176,10.0,1,B-miniB
177,-14.000000000000002,0,B-miniB
178,-10.0,0,B-miniB
179,-10.1,0,B-miniB
180,3.7000000000000037,1,B-miniB
181,10.0,1,B-miniB
182,9.9,1,B-miniB
183,-11.9,0,B-miniB
184,-10.1,0,B-miniB
185,-10.1,0,B-miniB
186,-10.4,0,B-miniB
187,-10.5,0,B-miniB
188,-10.1,0,B-miniB
189,-18.299999999999994,0,B-miniB
190,-10.0,0,B-miniB
191,9.6,1,B-miniB
192,8.0,1,B-miniB
193,-15.899999999999999,0,B-miniB
194,-10.1,0,B-miniB
195,7.399999999999999,1,B-miniB
196,9.9,1,B-miniB
197,10.0,1,B-miniB
198,-14.0,0,B-miniB
199,-10.2,0,B-miniB
200,8.9,1,B-miniB
201,9.5,1,B-miniB
202,10.0,1,B-miniB
203,-11.0,0,B-miniB
204,-10.6,0,B-miniB
205,-11.1,0,B-miniB
206,9.8,1,B-miniB
207,9.2,1,B-miniB
208,8.8,1,B-miniB
209,10.0,1,B-miniB
210,9.8,1,B-miniB
211,9.7,1,B-miniB
212,10.0,1,B-miniB
213,-22.19999999999998,0,B-miniB
214,9.8,1,B-miniB
215,-11.9,0,B-miniB
216,-10.4,0,B-miniB
217,-11.8,0,B-miniB
218,-10.1,0,B-miniB
219,-18.099999999999994,0,B-miniB
220,9.0,1,B-miniB
221,-19.69999999999999,0,B-miniB
222,-10.0,0,B-miniB
223,-10.0,0,B-miniB
224,9.8,1,B-miniB
225,-12.30000000000004,0,B-miniB
226,-10.2,0,B-miniB
227,-10.0,0,B-miniB
228,-10.2,0,B-miniB
229,-10.1,0,B-miniB
230,-10.1,0,B-miniB
231,-25.099999999999987,0,B-miniB
232,-10.0,0,B-miniB
233,-10.0,0,B-miniB
234,-10.1,0,B-miniB
235,-2.3999999999999844,0,B-miniB
236,-10.4,0,B-miniB
237,-10.0,0,B-miniB
238,-10.1,0,B-miniB
239,9.8,1,B-miniB
240,9.9,1,B-miniB
241,-11.3,0,B-miniB
242,9.8,1,B-miniB
243,-10.2,0,B-miniB
244,9.8,1,B-miniB
245,9.9,1,B-miniB
246,10.0,1,B-miniB
247,9.8,1,B-miniB
248,10.0,1,B-miniB
249,-10.2,0,B-miniB
250,-10.5,0,B-miniB
251,-10.0,0,B-miniB
252,-10.0,0,B-miniB
253,-11.700000000000001,0,B-miniB
254,-10.1,0,B-miniB
255,4.8000000000000025,1,B-miniB
256,10.0,1,B-miniB
257,-13.600000000000001,0,B-miniB
258,-10.1,0,B-miniB
259,9.8,1,B-miniB
260,-0.9999999999999911,0,B-miniB
261,9.7,1,B-miniB
262,9.8,1,B-miniB
263,-8.100000000000009,0,B-miniB
264,9.7,1,B-miniB
265,-22.79999999999999,0,B-miniB
266,5.8,1,B-miniB
267,6.799999999999999,1,B-miniB
268,10.0,1,B-miniB
269,-12.8,0,B-miniB
270,-10.9,0,B-miniB
271,9.8,1,B-miniB
272,10.0,1,B-miniB
273,-14.0,0,B-miniB
274,-10.2,0,B-miniB
275,-10.1,0,B-miniB
276,-12.600000000000001,0,B-miniB
277,-11.6,0,B-miniB
278,9.2,1,B-miniB
279,9.9,1,B-miniB
280,10.0,1,B-miniB
281,9.5,1,B-miniB
282,10.0,1,B-miniB
283,9.7,1,B-miniB
284,9.5,1,B-miniB
285,-11.6,0,B-miniB
286,-10.0,0,B-miniB
287,-10.3,0,B-miniB
288,-10.1,0,B-miniB
289,-10.1,0,B-miniB
290,-10.0,0,B-miniB
291,-12.100000000000001,0,B-miniB
292,-10.1,0,B-miniB
293,-10.0,0,B-miniB
294,-10.0,0,B-miniB
295,-10.0,0,B-miniB
296,-10.3,0,B-miniB
297,-10.3,0,B-miniB
298,-11.2,0,B-miniB
299,-10.5,0,B-miniB
300,-10.1,0,B-miniB
301,-10.1,0,B-miniB
302,-10.1,0,B-miniB
303,-10.1,0,B-miniB
304,-10.0,0,B-miniB
305,-10.1,0,B-miniB
306,-28.099999999999984,0,B-miniB
307,-10.0,0,B-miniB
308,-10.0,0,B-miniB
309,-10.2,0,B-miniB
310,-10.1,0,B-miniB
311,-9.2,0,B-miniB
312,10.0,1,B-miniB
313,8.8,1,B-miniB
314,9.9,1,B-miniB
315,9.8,1,B-miniB
316,-14.5,0,B-miniB
317,9.8,1,B-miniB
318,-24.49999999999997,0,B-miniB
319,-11.0,0,B-miniB
320,9.4,1,B-miniB
321,10.0,1,B-miniB
322,-12.3,0,B-miniB
323,-27.90000000000001,0,B-miniB
324,9.8,1,B-miniB
325,9.7,1,B-miniB
326,-10.2,0,B-miniB
327,-10.0,0,B-miniB
328,-10.0,0,B-miniB
329,-10.1,0,B-miniB
330,-16.499999999999996,0,B-miniB
331,-10.1,0,B-miniB
332,-10.0,0,B-miniB
333,-10.0,0,B-miniB
334,7.799999999999999,1,B-miniB
335,9.9,1,B-miniB
336,-10.4,0,B-miniB
337,-10.0,0,B-miniB
338,-10.0,0,B-miniB
339,-10.0,0,B-miniB
340,-10.0,0,B-miniB
341,-6.099999999999987,0,B-miniB
342,9.6,1,B-miniB
343,9.7,1,B-miniB
344,10.0,1,B-miniB
345,9.0,1,B-miniB
346,9.9,1,B-miniB
347,-12.100000000000001,0,B-miniB
348,-10.1,0,B-miniB
349,-10.0,0,B-miniB
350,9.8,1,B-miniB
351,10.0,1,B-miniB
352,10.0,1,B-miniB
353,10.0,1,B-miniB
354,9.2,1,B-miniB
355,-12.5,0,B-miniB
356,-11.1,0,B-miniB
357,-10.0,0,B-miniB
358,-10.1,0,B-miniB
359,-10.1,0,B-miniB
360,-21.999999999999996,0,B-miniB
361,-10.3,0,B-miniB
362,-10.5,0,B-miniB
363,-10.2,0,B-miniB
364,8.2,1,B-miniB
365,9.8,1,B-miniB
366,-11.4,0,B-miniB
367,-10.0,0,B-miniB
368,-10.3,0,B-miniB
369,9.8,1,B-miniB
370,6.1999999999999975,1,B-miniB
371,10.0,1,B-miniB
372,9.4,1,B-miniB
373,9.9,1,B-miniB
374,7.8999999999999995,1,B-miniB
375,10.0,1,B-miniB
376,-15.499999999999996,0,B-miniB
377,-10.0,0,B-miniB
378,8.6,1,B-miniB
379,5.200000000000002,1,B-miniB
380,9.9,1,B-miniB
381,9.8,1,B-miniB
382,9.9,1,B-miniB
383,9.9,1,B-miniB
384,9.4,1,B-miniB
385,9.9,1,B-miniB
386,10.0,1,B-miniB
387,-10.4,0,B-miniB
388,-10.1,0,B-miniB
389,-10.1,0,B-miniB
390,-12.0,0,B-miniB
391,-10.0,0,B-miniB
392,-10.0,0,B-miniB
393,9.8,1,B-miniB
394,9.9,1,B-miniB
395,9.7,1,B-miniB
396,-2.79999999999999,0,B-miniB
397,8.3,1,B-miniB
398,10.0,1,B-miniB
399,9.8,1,B-miniB
400,10.0,1,B-miniB
401,10.0,1,B-miniB
402,10.0,1,B-miniB
403,-10.6,0,B-miniB
404,-10.0,0,B-miniB
405,6.799999999999999,1,B-miniB
406,10.0,1,B-miniB
407,9.9,1,B-miniB
408,4.8000000000000025,1,B-miniB
409,10.0,1,B-miniB
410,9.5,1,B-miniB
411,10.0,1,B-miniB
412,-10.4,0,B-miniB
413,-21.499999999999993,0,B-miniB
414,-10.3,0,B-miniB
415,-37.70000000000006,0,B-miniB
416,9.7,1,B-miniB
417,9.9,1,B-miniB
418,-11.5,0,B-miniB
419,-10.1,0,B-miniB
420,-10.1,0,B-miniB
421,9.3,1,B-miniB
422,9.7,1,B-miniB
423,-20.19999999999998,0,B-miniB
424,-10.0,0,B-miniB
425,9.8,1,B-miniB
426,-10.2,0,B-miniB
427,6.399999999999999,1,B-miniB
428,9.8,1,B-miniB
429,9.1,1,B-miniB
430,9.9,1,B-miniB
431,-10.2,0,B-miniB
432,-10.0,0,B-miniB
433,8.299999999999999,1,B-miniB
434,9.9,1,B-miniB
435,9.9,1,B-miniB
436,-10.2,0,B-miniB
437,7.399999999999999,1,B-miniB
438,9.4,1,B-miniB
439,9.7,1,B-miniB
440,9.9,1,B-miniB
441,9.9,1,B-miniB
442,-10.4,0,B-miniB
443,-10.1,0,B-miniB
444,-10.1,0,B-miniB
445,-10.0,0,B-miniB
446,-10.1,0,B-miniB
447,-11.0,0,B-miniB
448,-10.3,0,B-miniB
449,-10.3,0,B-miniB
450,9.2,1,B-miniB
451,9.9,1,B-miniB
452,9.9,1,B-miniB
453,9.9,1,B-miniB
454,-12.700000000000001,0,B-miniB
455,-10.9,0,B-miniB
456,-10.8,0,B-miniB
457,-10.1,0,B-miniB
458,-10.1,0,B-miniB
459,-10.0,0,B-miniB
460,-10.0,0,B-miniB
461,-10.5,0,B-miniB
462,-15.7,0,B-miniB
463,9.2,1,B-miniB
464,-24.499999999999993,0,B-miniB
465,9.8,1,B-miniB
466,-2.8999999999999773,0,B-miniB
467,8.299999999999999,1,B-miniB
468,9.7,1,B-miniB
469,9.7,1,B-miniB
470,-24.699999999999974,0,B-miniB
471,-10.3,0,B-miniB
472,-16.7,0,B-miniB
473,-10.5,0,B-miniB
474,-10.1,0,B-miniB
475,-10.0,0,B-miniB
476,4.700000000000004,1,B-miniB
477,-12.7,0,B-miniB
478,-10.1,0,B-miniB
479,-10.0,0,B-miniB
480,-10.1,0,B-miniB
481,9.8,1,B-miniB
482,9.8,1,B-miniB
483,9.9,1,B-miniB
484,9.9,1,B-miniB
485,10.0,1,B-miniB
486,9.9,1,B-miniB
487,9.9,1,B-miniB
488,-11.2,0,B-miniB
489,-10.0,0,B-miniB
490,-10.5,0,B-miniB
491,-10.1,0,B-miniB
492,-10.9,0,B-miniB
493,-10.1,0,B-miniB
494,-10.0,0,B-miniB
495,-10.1,0,B-miniB
496,-10.9,0,B-miniB
497,-10.0,0,B-miniB
498,-10.0,0,B-miniB
499,8.7,1,B-miniB
500,-18.599999999999987,0,B-miniB
1,-12.4,0,C-smallRB
2,-19.39999999999999,0,C-smallRB
3,-10.0,0,C-smallRB
4,-10.1,0,C-smallRB
5,-27.7,0,C-smallRB
6,-10.0,0,C-smallRB
7,-10.1,0,C-smallRB
8,5.100000000000001,1,C-smallRB
9,3.300000000000005,1,C-smallRB
10,-10.0,0,C-smallRB
11,-10.4,0,C-smallRB
12,-10.3,0,C-smallRB
13,-14.399999999999999,0,C-smallRB
14,-10.0,0,C-smallRB
15,-10.3,0,C-smallRB
16,-10.1,0,C-smallRB
17,-11.3,0,C-smallRB
18,-18.499999999999996,0,C-smallRB
19,-5.099999999999973,0,C-smallRB
20,-15.899999999999995,0,C-smallRB
21,-10.2,0,C-smallRB
22,-10.1,0,C-smallRB
23,-10.4,0,C-smallRB
24,-10.3,0,C-smallRB
25,-12.600000000000001,0,C-smallRB
26,-10.1,0,C-smallRB
27,-10.0,0,C-smallRB
28,-11.5,0,C-smallRB
29,0.10000000000001208,1,C-smallRB
30,-13.600000000000001,0,C-smallRB
31,-10.1,0,C-smallRB
32,5.8999999999999995,1,C-smallRB
33,-12.3,0,C-smallRB
34,-10.1,0,C-smallRB
35,-10.0,0,C-smallRB
36,-20.29999999999999,0,C-smallRB
37,-10.4,0,C-smallRB
38,-3.8999999999999897,0,C-smallRB
39,-20.89999999999998,0,C-smallRB
40,-12.5,0,C-smallRB
41,-10.0,0,C-smallRB
42,-10.0,0,C-smallRB
43,-10.3,0,C-smallRB
44,4.000000000000001,1,C-smallRB
45,-10.7,0,C-smallRB
46,-10.0,0,C-smallRB
47,-10.9,0,C-smallRB
48,-7.800000000000015,0,C-smallRB
49,-10.3,0,C-smallRB
50,-12.4,0,C-smallRB
51,-15.899999999999995,0,C-smallRB
52,-29.900000000000013,0,C-smallRB
53,-10.0,0,C-smallRB
54,-10.1,0,C-smallRB
55,-12.200000000000001,0,C-smallRB
56,-13.5,0,C-smallRB
57,-10.1,0,C-smallRB
58,-10.0,0,C-smallRB
59,-10.2,0,C-smallRB
60,-10.1,0,C-smallRB
61,-13.600000000000001,0,C-smallRB
62,-12.700000000000001,0,C-smallRB
63,-10.1,0,C-smallRB
64,-10.1,0,C-smallRB
65,-10.0,0,C-smallRB
66,-17.19999999999999,0,C-smallRB
67,-10.2,0,C-smallRB
68,-10.0,0,C-smallRB
69,-15.899999999999995,0,C-smallRB
70,-10.0,0,C-smallRB
71,-14.4,0,C-smallRB
72,-17.199999999999996,0,C-smallRB
73,-10.0,0,C-smallRB
74,-14.100000000000001,0,C-smallRB
75,-10.0,0,C-smallRB
76,-20.099999999999994,0,C-smallRB
77,-10.1,0,C-smallRB
78,4.000000000000002,1,C-smallRB
79,-18.499999999999996,0,C-smallRB
80,-10.5,0,C-smallRB
81,-12.100000000000001,0,C-smallRB
82,-14.399999999999999,0,C-smallRB
83,-10.3,0,C-smallRB
84,-16.89999999999999,0,C-smallRB
85,-10.0,0,C-smallRB
86,-10.0,0,C-smallRB
87,-10.5,0,C-smallRB
88,-10.1,0,C-smallRB
89,-26.099999999999987,0,C-smallRB
90,-10.1,0,C-smallRB
91,-10.1,0,C-smallRB
92,-20.89999999999998,0,C-smallRB
93,-10.0,0,C-smallRB
94,-10.1,0,C-smallRB
95,-10.1,0,C-smallRB
96,-10.0,0,C-smallRB
97,-10.2,0,C-smallRB
98,-10.1,0,C-smallRB
99,-10.2,0,C-smallRB
100,-16.699999999999996,0,C-smallRB
101,-10.0,0,C-smallRB
102,0.6000000000000032,1,C-smallRB
103,-15.000000000000002,0,C-smallRB
104,6.6,1,C-smallRB
105,-17.19999999999999,0,C-smallRB
106,-10.4,0,C-smallRB
107,5.8,1,C-smallRB
108,-12.5,0,C-smallRB
109,-10.0,0,C-smallRB
110,-10.5,0,C-smallRB
111,-10.1,0,C-smallRB
112,-12.200000000000038,0,C-smallRB
113,-17.09999999999999,0,C-smallRB
114,-10.0,0,C-smallRB
115,-13.000000000000028,0,C-smallRB
116,-20.09999999999998,0,C-smallRB
117,0.10000000000001741,1,C-smallRB
118,-15.899999999999995,0,C-smallRB
119,-10.0,0,C-smallRB
120,-10.3,0,C-smallRB
121,-16.39999999999999,0,C-smallRB
122,-13.900000000000002,0,C-smallRB
123,-10.2,0,C-smallRB
124,-15.899999999999997,0,C-smallRB
125,-22.89999999999998,0,C-smallRB
126,-2.499999999999986,0,C-smallRB
127,-12.8,0,C-smallRB
128,-10.5,0,C-smallRB
129,-10.3,0,C-smallRB
130,-10.1,0,C-smallRB
131,-10.2,0,C-smallRB
132,-10.5,0,C-smallRB
133,-15.899999999999999,0,C-smallRB
134,-13.200000000000001,0,C-smallRB
135,-10.0,0,C-smallRB
136,-11.4,0,C-smallRB
137,-12.900000000000002,0,C-smallRB
138,-10.0,0,C-smallRB
139,-10.1,0,C-smallRB
140,-10.0,0,C-smallRB
141,-10.0,0,C-smallRB
142,-10.0,0,C-smallRB
143,-12.600000000000001,0,C-smallRB
144,-10.8,0,C-smallRB
145,-13.700000000000003,0,C-smallRB
146,-10.0,0,C-smallRB
147,-10.1,0,C-smallRB
148,-10.1,0,C-smallRB
149,-15.200000000000017,0,C-smallRB
150,-5.499999999999979,0,C-smallRB
151,-12.700000000000001,0,C-smallRB
152,-10.0,0,C-smallRB
153,-10.0,0,C-smallRB
154,-13.3,0,C-smallRB
155,-10.1,0,C-smallRB
156,-10.0,0,C-smallRB
157,-11.700000000000001,0,C-smallRB
158,-12.200000000000001,0,C-smallRB
159,-14.700000000000001,0,C-smallRB
160,-10.1,0,C-smallRB
161,-10.5,0,C-smallRB
162,4.400000000000001,1,C-smallRB
163,-0.699999999999994,0,C-smallRB
164,-10.0,0,C-smallRB
165,-10.1,0,C-smallRB
166,-18.599999999999994,0,C-smallRB
167,-11.5,0,C-smallRB
168,-10.0,0,C-smallRB
169,-10.3,0,C-smallRB
170,-14.000000000000002,0,C-smallRB
171,-12.3,0,C-smallRB
172,-16.999999999999993,0,C-smallRB
173,-10.3,0,C-smallRB
174,-10.2,0,C-smallRB
175,-10.1,0,C-smallRB
176,5.200000000000001,1,C-smallRB
177,-10.2,0,C-smallRB
178,-13.000000000000002,0,C-smallRB
179,6.299999999999999,1,C-smallRB
180,-17.399999999999988,0,C-smallRB
181,-10.3,0,C-smallRB
182,-10.0,0,C-smallRB
183,-15.799999999999997,0,C-smallRB
184,-11.4,0,C-smallRB
185,-10.3,0,C-smallRB
186,-10.6,0,C-smallRB
187,-10.4,0,C-smallRB
188,-10.0,0,C-smallRB
189,-10.3,0,C-smallRB
190,-5.599999999999982,0,C-smallRB
191,-11.3,0,C-smallRB
192,-10.2,0,C-smallRB
193,-13.800000000000002,0,C-smallRB
194,-10.0,0,C-smallRB
195,-10.0,0,C-smallRB
196,-33.00000000000002,0,C-smallRB
197,-10.8,0,C-smallRB
198,-10.0,0,C-smallRB
199,-10.0,0,C-smallRB
200,-0.79999999999999,0,C-smallRB
201,-10.3,0,C-smallRB
202,-10.5,0,C-smallRB
203,-10.0,0,C-smallRB
204,-10.1,0,C-smallRB
205,-17.4,0,C-smallRB
206,-7.600000000000005,0,C-smallRB
207,-10.6,0,C-smallRB
208,-10.0,0,C-smallRB
209,-10.7,0,C-smallRB
210,-10.0,0,C-smallRB
211,-14.1,0,C-smallRB
212,-10.1,0,C-smallRB
213,-11.5,0,C-smallRB
214,-33.50000000000002,0,C-smallRB
215,-10.5,0,C-smallRB
216,-19.799999999999986,0,C-smallRB
217,-14.100000000000001,0,C-smallRB
218,-10.7,0,C-smallRB
219,-10.0,0,C-smallRB
220,-11.1,0,C-smallRB
221,-16.899999999999995,0,C-smallRB
222,-10.3,0,C-smallRB
223,-10.0,0,C-smallRB
224,-10.3,0,C-smallRB
225,5.6,1,C-smallRB
226,-10.7,0,C-smallRB
227,-10.1,0,C-smallRB
228,-10.4,0,C-smallRB
229,-11.4,0,C-smallRB
230,-16.799999999999994,0,C-smallRB
231,1.7000000000000082,1,C-smallRB
232,-12.4,0,C-smallRB
233,-12.7,0,C-smallRB
234,1.7000000000000046,1,C-smallRB
235,-10.2,0,C-smallRB
236,-9.200000000000006,0,C-smallRB
237,-1.199999999999994,0,C-smallRB
238,-15.699999999999996,0,C-smallRB
239,-10.0,0,C-smallRB
240,-10.1,0,C-smallRB
241,-10.1,0,C-smallRB
242,-12.900000000000002,0,C-smallRB
243,-10.5,0,C-smallRB
244,-10.0,0,C-smallRB
245,-0.2999999999999954,0,C-smallRB
246,-19.699999999999996,0,C-smallRB
247,-11.700000000000001,0,C-smallRB
248,-10.6,0,C-smallRB
249,-22.89999999999997,0,C-smallRB
250,-10.0,0,C-smallRB
251,5.200000000000002,1,C-smallRB
252,6.399999999999999,1,C-smallRB
253,-22.59999999999998,0,C-smallRB
254,-10.1,0,C-smallRB
255,-11.2,0,C-smallRB
256,2.3000000000000087,1,C-smallRB
257,-14.999999999999998,0,C-smallRB
258,-22.499999999999986,0,C-smallRB
259,-10.0,0,C-smallRB
260,-0.2999999999999847,0,C-smallRB
261,-15.799999999999999,0,C-smallRB
262,-10.1,0,C-smallRB
263,-5.999999999999993,0,C-smallRB
264,-10.0,0,C-smallRB
265,-10.3,0,C-smallRB
266,-11.0,0,C-smallRB
267,-10.0,0,C-smallRB
268,-4.699999999999985,0,C-smallRB
269,4.900000000000002,1,C-smallRB
270,-22.20000000000006,0,C-smallRB
271,-22.09999999999998,0,C-smallRB
272,-10.0,0,C-smallRB
273,-10.0,0,C-smallRB
274,-11.9,0,C-smallRB
275,-14.6,0,C-smallRB
276,-10.2,0,C-smallRB
277,-10.1,0,C-smallRB
278,4.100000000000001,1,C-smallRB
279,-10.9,0,C-smallRB
280,-10.3,0,C-smallRB
281,-10.0,0,C-smallRB
282,-12.900000000000002,0,C-smallRB
283,-11.2,0,C-smallRB
284,-14.2,0,C-smallRB
285,-10.0,0,C-smallRB
286,1.6000000000000068,1,C-smallRB
287,5.0000000000000036,1,C-smallRB
288,-9.199999999999992,0,C-smallRB
289,-10.0,0,C-smallRB
290,-10.1,0,C-smallRB
291,5.000000000000002,1,C-smallRB
292,0.5000000000000107,1,C-smallRB
293,-11.4,0,C-smallRB
294,-10.7,0,C-smallRB
295,-10.0,0,C-smallRB
296,-10.9,0,C-smallRB
297,-10.1,0,C-smallRB
298,-10.3,0,C-smallRB
299,2.6000000000000068,1,C-smallRB
300,-13.000000000000002,0,C-smallRB
301,-10.0,0,C-smallRB
302,4.900000000000004,1,C-smallRB
303,-16.799999999999997,0,C-smallRB
304,-10.0,0,C-smallRB
305,-24.699999999999967,0,C-smallRB
306,-10.0,0,C-smallRB
307,-17.599999999999994,0,C-smallRB
308,-10.1,0,C-smallRB
309,-16.299999999999994,0,C-smallRB
310,-10.0,0,C-smallRB
311,-10.1,0,C-smallRB
312,-10.0,0,C-smallRB
313,-10.0,0,C-smallRB
314,-10.9,0,C-smallRB
315,-12.5,0,C-smallRB
316,-11.2,0,C-smallRB
317,-16.699999999999992,0,C-smallRB
318,-23.99999999999997,0,C-smallRB
319,-10.0,0,C-smallRB
320,-10.4,0,C-smallRB
321,-2.799999999999992,0,C-smallRB
322,-10.0,0,C-smallRB
323,-10.4,0,C-smallRB
324,-10.4,0,C-smallRB
325,-22.499999999999982,0,C-smallRB
326,-12.8,0,C-smallRB
327,-10.0,0,C-smallRB
328,-27.599999999999998,0,C-smallRB
329,-18.39999999999999,0,C-smallRB
330,-10.0,0,C-smallRB
331,-10.1,0,C-smallRB
332,-10.1,0,C-smallRB
333,-10.8,0,C-smallRB
334,-1.2999999999999936,0,C-smallRB
335,-14.899999999999999,0,C-smallRB
336,-10.0,0,C-smallRB
337,-10.0,0,C-smallRB
338,-10.0,0,C-smallRB
339,-12.200000000000001,0,C-smallRB
340,-10.1,0,C-smallRB
341,-30.80000000000004,0,C-smallRB
342,-16.299999999999994,0,C-smallRB
343,-10.1,0,C-smallRB
344,-10.0,0,C-smallRB
345,-12.3,0,C-smallRB
346,-15.599999999999996,0,C-smallRB
347,-10.0,0,C-smallRB
348,-10.7,0,C-smallRB
349,-10.7,0,C-smallRB
350,-10.3,0,C-smallRB
351,-10.0,0,C-smallRB
352,-11.1,0,C-smallRB
353,-10.9,0,C-smallRB
354,-11.8,0,C-smallRB
355,-10.4,0,C-smallRB
356,-11.6,0,C-smallRB
357,-10.1,0,C-smallRB
358,-26.499999999999986,0,C-smallRB
359,2.700000000000003,1,C-smallRB
360,-10.5,0,C-smallRB
361,-10.1,0,C-smallRB
362,-11.8,0,C-smallRB
363,-10.1,0,C-smallRB
364,-10.3,0,C-smallRB
365,-10.7,0,C-smallRB
366,-16.499999999999993,0,C-smallRB
367,-10.1,0,C-smallRB
368,-15.799999999999995,0,C-smallRB
369,-10.0,0,C-smallRB
370,-10.2,0,C-smallRB
371,-10.2,0,C-smallRB
372,-0.09999999999998721,0,C-smallRB
373,-23.099999999999987,0,C-smallRB
374,-10.3,0,C-smallRB
375,-10.9,0,C-smallRB
376,-10.1,0,C-smallRB
377,-10.0,0,C-smallRB
378,-10.0,0,C-smallRB
379,-11.9,0,C-smallRB
380,-25.39999999999997,0,C-smallRB
381,-10.2,0,C-smallRB
382,-1.3999999999999861,0,C-smallRB
383,0.6000000000000068,1,C-smallRB
384,-29.500000000000014,0,C-smallRB
385,-10.1,0,C-smallRB
386,-10.0,0,C-smallRB
387,-11.8,0,C-smallRB
388,-10.7,0,C-smallRB
389,-10.1,0,C-smallRB
390,-10.0,0,C-smallRB
391,-10.0,0,C-smallRB
392,-10.1,0,C-smallRB
393,-11.6,0,C-smallRB
394,-10.3,0,C-smallRB
395,-11.6,0,C-smallRB
396,-10.0,0,C-smallRB
397,-10.0,0,C-smallRB
398,-10.1,0,C-smallRB
399,-12.700000000000001,0,C-smallRB
400,-10.3,0,C-smallRB
401,-12.8,0,C-smallRB
402,-11.5,0,C-smallRB
403,-10.9,0,C-smallRB
404,-10.0,0,C-smallRB
405,-10.5,0,C-smallRB
406,-10.3,0,C-smallRB
407,-10.7,0,C-smallRB
408,-10.1,0,C-smallRB
409,-12.700000000000001,0,C-smallRB
410,1.1000000000000032,1,C-smallRB
411,-23.09999999999998,0,C-smallRB
412,-10.3,0,C-smallRB
413,-12.600000000000001,0,C-smallRB
414,1.2000000000000082,1,C-smallRB
415,-3.4999999999999876,0,C-smallRB
416,-10.0,0,C-smallRB
417,-10.3,0,C-smallRB
418,-10.0,0,C-smallRB
419,-10.1,0,C-smallRB
420,-10.0,0,C-smallRB
421,-18.799999999999983,0,C-smallRB
422,-10.0,0,C-smallRB
423,-0.1999999999999904,0,C-smallRB
424,-14.700000000000038,0,C-smallRB
425,-18.099999999999994,0,C-smallRB
426,-10.0,0,C-smallRB
427,-14.3,0,C-smallRB
428,-10.0,0,C-smallRB
429,-10.0,0,C-smallRB
430,-10.6,0,C-smallRB
431,-10.5,0,C-smallRB
432,-10.4,0,C-smallRB
433,4.700000000000001,1,C-smallRB
434,2.2000000000000126,1,C-smallRB
435,-15.299999999999997,0,C-smallRB
436,-21.29999999999998,0,C-smallRB
437,-11.2,0,C-smallRB
438,-10.0,0,C-smallRB
439,-14.999999999999998,0,C-smallRB
440,-16.199999999999996,0,C-smallRB
441,-10.1,0,C-smallRB
442,-18.699999999999985,0,C-smallRB
443,-11.2,0,C-smallRB
444,1.4000000000000057,1,C-smallRB
445,-3.7999999999999794,0,C-smallRB
446,3.5000000000000036,1,C-smallRB
447,-11.2,0,C-smallRB
448,-10.0,0,C-smallRB
449,-11.6,0,C-smallRB
450,-12.3,0,C-smallRB
451,-12.600000000000001,0,C-smallRB
452,-10.0,0,C-smallRB
453,-11.2,0,C-smallRB
454,-10.0,0,C-smallRB
455,-10.1,0,C-smallRB
456,-10.0,0,C-smallRB
457,-10.1,0,C-smallRB
458,-10.7,0,C-smallRB
459,-14.0,0,C-smallRB
460,-10.1,0,C-smallRB
461,-11.3,0,C-smallRB
462,-10.0,0,C-smallRB
463,-14.699999999999998,0,C-smallRB
464,-11.0,0,C-smallRB
465,-13.400000000000002,0,C-smallRB
466,-10.0,0,C-smallRB
467,6.4,1,C-smallRB
468,-10.4,0,C-smallRB
469,-10.0,0,C-smallRB
470,-10.3,0,C-smallRB
471,-10.0,0,C-smallRB
472,-10.2,0,C-smallRB
473,-10.2,0,C-smallRB
474,-10.1,0,C-smallRB
475,-10.0,0,C-smallRB
476,-11.1,0,C-smallRB
477,-10.4,0,C-smallRB
478,-12.600000000000001,0,C-smallRB
479,-10.1,0,C-smallRB
480,-16.299999999999994,0,C-smallRB
481,-10.1,0,C-smallRB
482,-10.0,0,C-smallRB
483,-10.0,0,C-smallRB
484,-10.0,0,C-smallRB
485,-10.0,0,C-smallRB
486,-10.0,0,C-smallRB
487,-11.700000000000001,0,C-smallRB
488,-10.2,0,C-smallRB
489,-10.0,0,C-smallRB
490,-10.4,0,C-smallRB
491,-13.500000000000002,0,C-smallRB
492,3.0000000000000036,1,C-smallRB
493,-24.29999999999999,0,C-smallRB
494,-14.899999999999999,0,C-smallRB
495,-10.0,0,C-smallRB
496,-10.3,0,C-smallRB
497,-12.600000000000001,0,C-smallRB
498,-10.3,0,C-smallRB
499,-10.0,0,C-smallRB
500,-10.3,0,C-smallRB
1,-12.0,0,D-fastE
2,-10.1,0,D-fastE
3,-11.9,0,D-fastE
4,-10.0,0,D-fastE
5,-8.5,0,D-fastE
6,-11.700000000000001,0,D-fastE
7,-10.0,0,D-fastE
8,-22.099999999999973,0,D-fastE
9,-10.7,0,D-fastE
10,-10.1,0,D-fastE
11,-10.0,0,D-fastE
12,-22.59999999999998,0,D-fastE
13,-16.099999999999998,0,D-fastE
14,-12.3,0,D-fastE
15,-10.1,0,D-fastE
16,-10.1,0,D-fastE
17,-17.999999999999993,0,D-fastE
18,-1.1999999999999904,0,D-fastE
19,-11.3,0,D-fastE
20,-10.1,0,D-fastE
21,-10.9,0,D-fastE
22,-13.3,0,D-fastE
23,-10.1,0,D-fastE
24,-10.1,0,D-fastE
25,-10.1,0,D-fastE
26,-10.1,0,D-fastE
27,-10.3,0,D-fastE
28,-10.4,0,D-fastE
29,-10.3,0,D-fastE
30,-10.7,0,D-fastE
31,-11.1,0,D-fastE
32,-10.0,0,D-fastE
33,-13.800000000000002,0,D-fastE
34,-10.3,0,D-fastE
35,-10.0,0,D-fastE
36,-23.69999999999997,0,D-fastE
37,-5.099999999999989,0,D-fastE
38,-12.100000000000001,0,D-fastE
39,-13.500000000000002,0,D-fastE
40,-10.1,0,D-fastE
41,-10.1,0,D-fastE
42,-10.5,0,D-fastE
43,-12.200000000000001,0,D-fastE
44,-10.4,0,D-fastE
45,-14.999999999999998,0,D-fastE
46,-11.1,0,D-fastE
47,-10.1,0,D-fastE
48,-13.3,0,D-fastE
49,-10.9,0,D-fastE
50,-10.5,0,D-fastE
51,-11.9,0,D-fastE
52,-10.0,0,D-fastE
53,-6.599999999999984,0,D-fastE
54,-15.199999999999998,0,D-fastE
55,-10.1,0,D-fastE
56,-10.1,0,D-fastE
57,-10.1,0,D-fastE
58,-10.6,0,D-fastE
59,-10.1,0,D-fastE
60,0.7000000000000046,1,D-fastE
61,-10.4,0,D-fastE
62,-14.3,0,D-fastE
63,-10.0,0,D-fastE
64,-10.0,0,D-fastE
65,-10.0,0,D-fastE
66,4.9,1,D-fastE
67,-10.6,0,D-fastE
68,-10.0,0,D-fastE
69,-10.2,0,D-fastE
70,-10.0,0,D-fastE
71,-10.0,0,D-fastE
72,-10.1,0,D-fastE
73,1.8000000000000096,1,D-fastE
74,-10.5,0,D-fastE
75,-10.4,0,D-fastE
76,-10.0,0,D-fastE
77,-10.0,0,D-fastE
78,-14.399999999999999,0,D-fastE
79,-10.1,0,D-fastE
80,-10.0,0,D-fastE
81,-11.1,0,D-fastE
82,-10.1,0,D-fastE
83,-10.0,0,D-fastE
84,-10.1,0,D-fastE
85,-10.1,0,D-fastE
86,-10.2,0,D-fastE
87,-10.7,0,D-fastE
88,-10.1,0,D-fastE
89,-10.1,0,D-fastE
90,-1.8999999999999861,0,D-fastE
91,-11.700000000000001,0,D-fastE
92,-14.3,0,D-fastE
93,-10.9,0,D-fastE
94,-10.2,0,D-fastE
95,-10.0,0,D-fastE
96,-10.0,0,D-fastE
97,-10.5,0,D-fastE
98,-8.599999999999987,0,D-fastE
99,-12.3,0,D-fastE
100,-10.4,0,D-fastE
101,-10.0,0,D-fastE
102,-10.1,0,D-fastE
103,-10.3,0,D-fastE
104,-11.3,0,D-fastE
105,-14.3,0,D-fastE
106,-13.100000000000023,0,D-fastE
107,-4.6999999999999655,0,D-fastE
108,1.4000000000000075,1,D-fastE
109,-10.0,0,D-fastE
110,-10.0,0,D-fastE
111,-10.9,0,D-fastE
112,3.3000000000000043,1,D-fastE
113,-3.1999999999999904,0,D-fastE
114,-15.699999999999996,0,D-fastE
115,-10.0,0,D-fastE
116,-11.8,0,D-fastE
117,-10.0,0,D-fastE
118,-10.0,0,D-fastE
119,-10.3,0,D-fastE
120,-18.899999999999984,0,D-fastE
121,-11.700000000000001,0,D-fastE
122,-10.2,0,D-fastE
123,-11.1,0,D-fastE
124,-10.3,0,D-fastE
125,-10.0,0,D-fastE
126,-10.1,0,D-fastE
127,-10.1,0,D-fastE
128,-10.0,0,D-fastE
129,-10.0,0,D-fastE
130,-10.1,0,D-fastE
131,-15.099999999999998,0,D-fastE
132,-10.7,0,D-fastE
133,-10.0,0,D-fastE
134,-11.3,0,D-fastE
135,-10.0,0,D-fastE
136,-10.1,0,D-fastE
137,-2.899999999999997,0,D-fastE
138,-5.6999999999999815,0,D-fastE
139,-11.1,0,D-fastE
140,-10.0,0,D-fastE
141,-10.1,0,D-fastE
142,-10.0,0,D-fastE
143,-10.3,0,D-fastE
144,-10.0,0,D-fastE
145,-10.0,0,D-fastE
146,-18.599999999999987,0,D-fastE
147,-10.0,0,D-fastE
148,-15.799999999999997,0,D-fastE
149,-10.1,0,D-fastE
150,-10.3,0,D-fastE
151,-10.1,0,D-fastE
152,-10.1,0,D-fastE
153,-5.799999999999974,0,D-fastE
154,-14.100000000000001,0,D-fastE
155,0.9000000000000039,1,D-fastE
156,-21.599999999999987,0,D-fastE
157,-18.29999999999999,0,D-fastE
158,-17.999999999999986,0,D-fastE
159,-2.29999999999999,0,D-fastE
160,-10.7,0,D-fastE
161,-10.3,0,D-fastE
162,-10.1,0,D-fastE
163,-11.4,0,D-fastE
164,-10.1,0,D-fastE
165,-0.5999999999999943,0,D-fastE
166,-14.799999999999997,0,D-fastE
167,-23.299999999999983,0,D-fastE
168,-10.3,0,D-fastE
169,-10.1,0,D-fastE
170,2.2000000000000046,1,D-fastE
171,-26.899999999999974,0,D-fastE
172,3.000000000000007,1,D-fastE
173,-12.8,0,D-fastE
174,-19.299999999999983,0,D-fastE
175,-12.700000000000001,0,D-fastE
176,-10.6,0,D-fastE
177,-10.5,0,D-fastE
178,-17.599999999999987,0,D-fastE
179,-10.3,0,D-fastE
180,-10.1,0,D-fastE
181,-12.700000000000001,0,D-fastE
182,-10.0,0,D-fastE
183,-10.0,0,D-fastE
184,-10.1,0,D-fastE
185,-10.0,0,D-fastE
186,-10.2,0,D-fastE
187,-18.799999999999983,0,D-fastE
188,-10.0,0,D-fastE
189,-10.9,0,D-fastE
190,-10.0,0,D-fastE
191,-10.0,0,D-fastE
192,-10.1,0,D-fastE
193,6.699999999999998,1,D-fastE
194,-10.7,0,D-fastE
195,-10.0,0,D-fastE
196,-10.0,0,D-fastE
197,-10.0,0,D-fastE
198,-7.399999999999984,0,D-fastE
199,-10.4,0,D-fastE
200,-10.1,0,D-fastE
201,-10.8,0,D-fastE
202,-10.9,0,D-fastE
203,-10.5,0,D-fastE
204,-10.1,0,D-fastE
205,-2.899999999999981,0,D-fastE
206,4.400000000000001,1,D-fastE
207,-10.2,0,D-fastE
208,-10.0,0,D-fastE
209,-10.1,0,D-fastE
210,-10.3,0,D-fastE
211,-10.0,0,D-fastE
212,-11.5,0,D-fastE
213,-10.3,0,D-fastE
214,-10.0,0,D-fastE
215,-10.1,0,D-fastE
216,-10.0,0,D-fastE
217,-10.0,0,D-fastE
218,-10.0,0,D-fastE
219,-10.1,0,D-fastE
220,-12.8,0,D-fastE
221,-10.1,0,D-fastE
222,-10.0,0,D-fastE
223,-10.0,0,D-fastE
224,-10.1,0,D-fastE
225,-10.4,0,D-fastE
226,-11.9,0,D-fastE
227,-11.3,0,D-fastE
228,-12.3,0,D-fastE
229,-10.1,0,D-fastE
230,-10.3,0,D-fastE
231,-15.5,0,D-fastE
232,-12.600000000000001,0,D-fastE
233,-10.4,0,D-fastE
234,-13.600000000000001,0,D-fastE
235,-10.1,0,D-fastE
236,-10.0,0,D-fastE
237,-10.1,0,D-fastE
238,-16.39999999999999,0,D-fastE
239,-10.9,0,D-fastE
240,-10.0,0,D-fastE
241,-10.0,0,D-fastE
242,-11.2,0,D-fastE
243,-13.400000000000002,0,D-fastE
244,-10.1,0,D-fastE
245,-27.09999999999999,0,D-fastE
246,-10.5,0,D-fastE
247,-31.300000000000015,0,D-fastE
248,-26.699999999999992,0,D-fastE
249,-12.100000000000001,0,D-fastE
250,-10.0,0,D-fastE
251,-10.3,0,D-fastE
252,-10.1,0,D-fastE
253,-11.0,0,D-fastE
254,2.5000000000000036,1,D-fastE
255,-13.3,0,D-fastE
256,-10.0,0,D-fastE
257,-10.0,0,D-fastE
258,6.499999999999999,1,D-fastE
259,-10.3,0,D-fastE
260,-10.0,0,D-fastE
261,-12.3,0,D-fastE
262,-10.1,0,D-fastE
263,-11.8,0,D-fastE
264,-10.0,0,D-fastE
265,-10.9,0,D-fastE
266,7.699999999999999,1,D-fastE
267,0.9000000000000181,1,D-fastE
268,-13.000000000000002,0,D-fastE
269,-10.0,0,D-fastE
270,-10.1,0,D-fastE
271,-10.1,0,D-fastE
272,-10.2,0,D-fastE
273,-15.8,0,D-fastE
274,0.10000000000000142,1,D-fastE
275,-11.0,0,D-fastE
276,-10.0,0,D-fastE
277,-10.2,0,D-fastE
278,-10.1,0,D-fastE
279,-11.0,0,D-fastE
280,-10.0,0,D-fastE
281,-11.2,0,D-fastE
282,-10.5,0,D-fastE
283,-10.0,0,D-fastE
284,-10.5,0,D-fastE
285,-10.0,0,D-fastE
286,-10.0,0,D-fastE
287,-10.1,0,D-fastE
288,-14.3,0,D-fastE
289,-10.0,0,D-fastE
290,-20.999999999999986,0,D-fastE
291,-10.0,0,D-fastE
292,-10.1,0,D-fastE
293,-10.1,0,D-fastE
294,-11.4,0,D-fastE
295,-13.600000000000001,0,D-fastE
296,-12.200000000000001,0,D-fastE
297,-10.3,0,D-fastE
298,-28.100000000000065,0,D-fastE
299,-17.50000000000005,0,D-fastE
300,-10.2,0,D-fastE
301,-10.4,0,D-fastE
302,-10.1,0,D-fastE
303,-10.0,0,D-fastE
304,2.2000000000000126,1,D-fastE
305,-3.29999999999999,0,D-fastE
306,-12.100000000000001,0,D-fastE
307,-10.0,0,D-fastE
308,-10.6,0,D-fastE
309,-12.600000000000001,0,D-fastE
310,-16.599999999999994,0,D-fastE
311,-10.2,0,D-fastE
312,-10.1,0,D-fastE
313,-10.2,0,D-fastE
314,1.6000000000000068,1,D-fastE
315,-14.599999999999998,0,D-fastE
316,-10.0,0,D-fastE
317,-11.0,0,D-fastE
318,-10.3,0,D-fastE
319,-10.1,0,D-fastE
320,-11.6,0,D-fastE
321,-10.5,0,D-fastE
322,-16.39999999999999,0,D-fastE
323,-16.29999999999999,0,D-fastE
324,7.0,1,D-fastE
325,-14.200000000000001,0,D-fastE
326,-10.0,0,D-fastE
327,-10.2,0,D-fastE
328,2.700000000000003,1,D-fastE
329,-15.7,0,D-fastE
330,-24.799999999999983,0,D-fastE
331,-10.8,0,D-fastE
332,-13.200000000000001,0,D-fastE
333,-10.6,0,D-fastE
334,-10.0,0,D-fastE
335,1.8000000000000043,1,D-fastE
336,-19.499999999999993,0,D-fastE
337,-10.1,0,D-fastE
338,-10.3,0,D-fastE
339,-10.1,0,D-fastE
340,-16.799999999999997,0,D-fastE
341,2.100000000000005,1,D-fastE
342,-11.800000000000018,0,D-fastE
343,-10.9,0,D-fastE
344,-10.0,0,D-fastE
345,-16.199999999999996,0,D-fastE
346,-10.1,0,D-fastE
347,-11.6,0,D-fastE
348,-10.3,0,D-fastE
349,-10.1,0,D-fastE
350,-11.1,0,D-fastE
351,-13.900000000000002,0,D-fastE
352,-10.2,0,D-fastE
353,5.5,1,D-fastE
354,-0.79999999999999,0,D-fastE
355,-20.5,0,D-fastE
356,-10.2,0,D-fastE
357,-11.3,0,D-fastE
358,-10.3,0,D-fastE
359,-17.999999999999993,0,D-fastE
360,-11.3,0,D-fastE
361,-2.8999999999999844,0,D-fastE
362,-11.8,0,D-fastE
363,-10.4,0,D-fastE
364,-10.1,0,D-fastE
365,2.5000000000000053,1,D-fastE
366,-11.8,0,D-fastE
367,-21.799999999999983,0,D-fastE
368,-10.1,0,D-fastE
369,-11.1,0,D-fastE
370,-10.1,0,D-fastE
371,-10.0,0,D-fastE
372,-7.699999999999992,0,D-fastE
373,7.5,1,D-fastE
374,-16.199999999999996,0,D-fastE
375,-13.5,0,D-fastE
376,-10.1,0,D-fastE
377,-10.1,0,D-fastE
378,-10.1,0,D-fastE
379,-10.1,0,D-fastE
380,-10.3,0,D-fastE
381,-14.2,0,D-fastE
382,-14.100000000000001,0,D-fastE
383,-10.0,0,D-fastE
384,-10.3,0,D-fastE
385,-10.0,0,D-fastE
386,3.2000000000000073,1,D-fastE
387,-13.400000000000002,0,D-fastE
388,-10.1,0,D-fastE
389,-10.0,0,D-fastE
390,-10.5,0,D-fastE
391,-11.3,0,D-fastE
392,-10.1,0,D-fastE
393,-16.099999999999994,0,D-fastE
394,-16.499999999999993,0,D-fastE
395,-10.0,0,D-fastE
396,-11.3,0,D-fastE
397,-10.9,0,D-fastE
398,-3.299999999999983,0,D-fastE
399,-15.199999999999998,0,D-fastE
400,-10.0,0,D-fastE
401,-11.9,0,D-fastE
402,-10.1,0,D-fastE
403,-10.1,0,D-fastE
404,-10.1,0,D-fastE
405,-10.1,0,D-fastE
406,-10.6,0,D-fastE
407,-10.0,0,D-fastE
408,-10.0,0,D-fastE
409,-10.0,0,D-fastE
410,-10.1,0,D-fastE
411,-10.0,0,D-fastE
412,-10.0,0,D-fastE
413,-10.7,0,D-fastE
414,-0.49999999999998757,0,D-fastE
415,-11.2,0,D-fastE
416,-10.1,0,D-fastE
417,-10.1,0,D-fastE
418,-10.1,0,D-fastE
419,-1.29999999999999,0,D-fastE
420,-10.0,0,D-fastE
421,2.600000000000005,1,D-fastE
422,1.600000000000012,1,D-fastE
423,-22.499999999999986,0,D-fastE
424,-10.0,0,D-fastE
425,-10.1,0,D-fastE
426,-10.7,0,D-fastE
427,-10.0,0,D-fastE
428,-11.700000000000017,0,D-fastE
429,-18.899999999999988,0,D-fastE
430,-10.0,0,D-fastE
431,-10.7,0,D-fastE
432,-10.0,0,D-fastE
433,-10.3,0,D-fastE
434,-10.0,0,D-fastE
435,-10.9,0,D-fastE
436,-10.1,0,D-fastE
437,-11.3,0,D-fastE
438,-10.1,0,D-fastE
439,-10.7,0,D-fastE
440,-19.299999999999986,0,D-fastE
441,-0.599999999999989,0,D-fastE
442,-10.6,0,D-fastE
443,-10.7,0,D-fastE
444,-10.4,0,D-fastE
445,-10.9,0,D-fastE
446,-10.7,0,D-fastE
447,-10.9,0,D-fastE
448,-14.599999999999998,0,D-fastE
449,-10.0,0,D-fastE
450,3.5000000000000044,1,D-fastE
451,-12.900000000000002,0,D-fastE
452,-10.0,0,D-fastE
453,-15.899999999999995,0,D-fastE
454,-14.899999999999999,0,D-fastE
455,-10.0,0,D-fastE
456,5.6000000000000005,1,D-fastE
457,6.599999999999998,1,D-fastE
458,-0.39999999999999325,0,D-fastE
459,-27.09999999999998,0,D-fastE
460,-10.2,0,D-fastE
461,-14.499999999999998,0,D-fastE
462,4.300000000000004,1,D-fastE
463,-24.899999999999988,0,D-fastE
464,-14.5,0,D-fastE
465,-10.1,0,D-fastE
466,0.40000000000001634,1,D-fastE
467,-10.0,0,D-fastE
468,-10.5,0,D-fastE
469,3.400000000000005,1,D-fastE
470,-16.9,0,D-fastE
471,-10.1,0,D-fastE
472,-10.0,0,D-fastE
473,-12.5,0,D-fastE
474,-12.3,0,D-fastE
475,-10.0,0,D-fastE
476,-1.1999999999999922,0,D-fastE
477,-11.2,0,D-fastE
478,5.2,1,D-fastE
479,-10.0,0,D-fastE
480,-10.0,0,D-fastE
481,-10.0,0,D-fastE
482,-18.999999999999993,0,D-fastE
483,-12.4,0,D-fastE
484,-10.0,0,D-fastE
485,-10.0,0,D-fastE
486,-10.0,0,D-fastE
487,-10.3,0,D-fastE
488,4.500000000000002,1,D-fastE
489,-19.699999999999992,0,D-fastE
490,-11.2,0,D-fastE
491,3.8000000000000025,1,D-fastE
492,-10.2,0,D-fastE
493,-10.0,0,D-fastE
494,-10.0,0,D-fastE
495,-12.100000000000001,0,D-fastE
496,-10.1,0,D-fastE
497,-10.7,0,D-fastE
498,-10.0,0,D-fastE
499,-10.3,0,D-fastE
500,-10.1,0,D-fastE
